chapter_no,slug,title,project,library_id,source_reference,scripture_reference,summary_seed,age_range,package_type,send_date,notes,must_include,must_avoid,start_boundary,end_boundary
001,the-earth-prays-for-krishna,The Earth Prays for Krishna to Come,krishna_book_bedtime,krishna_book,Krishna Book Chapter 1,Opening through Brahma receiving the Lord's message,"Bhumi takes the form of a cow and seeks Brahma's help; at the Ocean of Milk, Brahma receives the Lord's promise within his heart.",6-12,bedtime_story,,theme=prayer and hope; sensitivity=gentle; activity=PRAYER_OR_GRATITUDE_CRAFT,Bhumi as cow|Brahma|Ocean of Milk|message in Brahma's heart|son of Vasudeva,direct quote promising Vrindavana birth|wedding|later events,Bhumi approaches Brahma,Brahma receives the Lord's message
002,devaki-and-vasudeva-wedding,The Wedding and the Heavenly Voice,krishna_book_bedtime,krishna_book,Krishna Book Chapter 1,SB 10.1.27-55,"Devaki marries Vasudeva; her brother Kamsa drives their chariot, hears the warning about her eighth child, and is calmed by Vasudeva's truthful promise.",6-12,bedtime_story,,theme=calm truthfulness; sensitivity=gentle tension; activity=CUT_AND_BUILD,Kamsa brother of Devaki|son of Ugrasena|chariot driver|eighth child|Vasudeva protects Devaki,first son born|Narada warning|imprisonment,Wedding procession begins,Vasudeva makes his promise
003,vasudeva-keeps-his-word,Vasudeva Keeps His Word,krishna_book_bedtime,krishna_book,Krishna Book Chapter 1,SB 10.1.56-61,"Devakī's first son Kīrtimān is born, and Vasudeva keeps his difficult promise by bringing him to Kaṁsa, who is astonished and initially returns him.",6-12,bedtime_story,,theme=truthfulness and wise help; sensitivity=gentle tension; activity=STORY_SEQUENCE,Kīrtimān born|Vasudeva truthfulness|Kīrtimān brought to Kaṁsa|Kaṁsa fears eighth child|Kīrtimān initially returned|Vasudeva remains cautious,wedding retelling|Narada warning|imprisonment|six sons|Krishna birth,Birth of Kīrtimān,Kaṁsa initially returns Kīrtimān
004,narada-warns-kamsa,Narada's Warning and Kamsa's Decision,krishna_book_bedtime,krishna_book,Krishna Book Chapter 1,SB 10.1.62-69,"Nārada tells Kaṁsa that demigods are appearing in the Yadu and Vṛṣṇi families; alarmed by the divine plan and his identity as Kālanemi, Kaṁsa imprisons Devakī and Vasudeva and removes Ugrasena from power while the devotees remain faithful.",6-12,bedtime_story,,theme=fear versus faith; sensitivity=child-safe imprisonment; activity=MINI_DRAMA,Nārada informs Kaṁsa|demigods in Yadu and Vṛṣṇi families|Kaṁsa alarm|Kālanemi identity|Devakī and Vasudeva imprisoned|Ugrasena removed|devotees remember the Lord,Mother Earth|Ocean of Milk|wedding retelling|first child episode|Krishna birth|graphic later sons|invented scripture quotation,Nārada approaches Kaṁsa,Devakī and Vasudeva remain composed after Kaṁsa removes Ugrasena
005,prayers-by-the-demigods-for-lord-krishna-in-the-womb,Prayers by the Demigods for Lord Krishna in the Womb,krishna_book_bedtime,krishna_book,Krishna Book Chapter 2,Complete Krishna Book Chapter 2,"This source-bounded episode follows Prayers by the Demigods for Lord Krishna in the Womb and presents its central turning point with child-safe clarity, chronological fidelity, and a devotional focus.",6-12,bedtime_story,,theme=Krishna's protection wisdom and loving relationships; sensitivity=standard; activity=STORY_SEQUENCE,central event of Chapter 2|chronological source boundary|devotional lesson,full source quotation|material from Chapter 1|material from Chapter 3,Opening of Krishna Book Chapter 2,Conclusion of Krishna Book Chapter 2
006,the-birth-of-lord-krishna,The Birth of Lord Krishna,krishna_book_bedtime,krishna_book,Krishna Book Chapter 3,Complete Krishna Book Chapter 3,"This source-bounded episode follows The Birth of Lord Krishna and presents its central turning point with child-safe clarity, chronological fidelity, and a devotional focus.",6-12,bedtime_story,,theme=Krishna's protection wisdom and loving relationships; sensitivity=standard; activity=MINI_DRAMA,central event of Chapter 3|chronological source boundary|devotional lesson,full source quotation|material from Chapter 2|material from Chapter 4,Opening of Krishna Book Chapter 3,Conclusion of Krishna Book Chapter 3
007,kamsa-begins-his-persecutions,Kamsa Begins His Persecutions,krishna_book_bedtime,krishna_book,Krishna Book Chapter 4,SB 10.4 / Complete Krishna Book Chapter 4,"Yoga-māyā cries; guards tell Kaṁsa; he rushes; Devakī pleads; he attempts to destroy the child; Yoga-māyā rises as eight-armed Durgā saying the enemy already appeared elsewhere; Kaṁsa releases and asks forgiveness; Vasudeva teaches bodily identification; ministers advise ten-day persecution and attacks on brāhmaṇas, cows, sages, Vedic culture, and Vaiṣṇavas.",6-12,bedtime_story,,theme=bad association and offenses; sensitivity=gentle child adaptation; activity=STORY_SEQUENCE,Yoga-māyā cries|guards tell Kaṁsa|Kaṁsa rushes to prison|Devakī pleads|attempt against the child child-safe|eight-armed Durgā|enemy already elsewhere|Kaṁsa releases Devakī and Vasudeva|asks forgiveness|bodily identification|demonic ministers|ten days|brāhmaṇas cows sages Vaiṣṇavas|persecution authorized,full source quotation|material from Chapter 5|every baby boy|named demon list not in Chapter 4|magicians potions|families fleeing rivers|Devakī Vasudeva remain imprisoned after release|absolute claim Krishna prevents all suffering,Opening of Krishna Book Chapter 4,Conclusion of Krishna Book Chapter 4
008,the-meeting-of-nanda-and-vasudeva,The Meeting of Nanda and Vasudeva,krishna_book_bedtime,krishna_book,Krishna Book Chapter 5,Complete Krishna Book Chapter 5,"This source-bounded episode follows The Meeting of Nanda and Vasudeva and presents its central turning point with child-safe clarity, chronological fidelity, and a devotional focus.",6-12,bedtime_story,,theme=Krishna's protection wisdom and loving relationships; sensitivity=standard; activity=STORY_MAP,central event of Chapter 5|chronological source boundary|devotional lesson,full source quotation|material from Chapter 4|material from Chapter 6,Opening of Krishna Book Chapter 5,Conclusion of Krishna Book Chapter 5
009,putana-krishnas-astonishing-mercy,Pūtanā — Kṛṣṇa’s Astonishing Mercy,krishna_book_bedtime,krishna_book,Krishna Book Chapter 6,SB 10.6 / Complete Krishna Book Chapter 6 — Putana Killed,"After Nanda remembers Vasudeva's warning and takes shelter of the Lord, Kamsa sends the raksasi Putana, who kills infants. She assumes a beautiful form, enters Gokula and Nanda's home, takes baby Krishna on her lap, and offers her poison-smeared breast. Krishna sucks out the poison and her life air; she reveals a gigantic form and falls. Krishna plays fearlessly on her body. Yasoda, Rohini, and the gopis lift Him and perform protective rites while remembering Vishnu's names. Nanda and the cowherd men return. When Putana's body is burned it gives a fragrant aroma because Krishna purified her, and He grants her a motherly destination despite her murderous intention. Faithful hearing brings attachment to Govinda.",6-12,bedtime_story,,theme=astonishing mercy and motherly service; sensitivity=gentle child adaptation required; activity=STORY_SEQUENCE,Nanda remembers Vasudeva warning and takes shelter|Kamsa sends Putana who kills infants|Putana beautiful form enters Gokula|Putana enters Nanda home takes Krishna on lap|Krishna closes eyes|poison-smeared breast|Krishna sucks poison and life air|gigantic form falls|Krishna plays safely on her body|Yasoda Rohini gopis protect remembering Vishnu names|Nanda and cowherd men return|body burned fragrant aroma purified|motherly nurse-like destination mercy|hearing pastime attachment to Govinda|central lesson Krishna magnifies appearance of service,universe in Krishna's mouth|universal form in mouth|yawning showed the universe|Trinavarta|whirlwind demon|storm demon|goblins circling Gokula|spirits circling|shadow-creatures|fabricated omens|after Putana's defeat|Putana already defeated|Putana was already|material from Chapter 7|material from Chapter 8|Sukadeva became a devotee only by Putana episode,Opening of Krishna Book Chapter 6 — Nanda takes shelter; Putana sent,Conclusion of Krishna Book Chapter 6 — fragrant pyre and mercy teaching
010,baby-krishna-breaks-the-cart,Baby Kṛṣṇa Breaks the Cart,krishna_book_bedtime,krishna_book,Krishna Book Chapter 7,SB 10.7 / Krishna Book Chapter 7 — cart-breaking (utthāna / handcart),"At Kṛṣṇa's childhood turning/birthday ceremony, Mother Yaśodā lays hungry baby Kṛṣṇa beneath a handcart. He kicks in hunger; the cart collapses. Children report what they saw; adults cannot understand His power. Brāhmaṇas perform protective rites and Nanda gives charity.",6-12,bedtime_story,,theme=the Lord's power even as a baby; sensitivity=standard; activity=STORY_SEQUENCE; v1.7.3_ch7_8_split,utthana or birthday ceremony|handcart|hungry kick|cart collapses|children report|brahmanas protective rites|Nanda charity,Trinavarta whirlwind as main event|universe in mouth|Garga Muni|material from Chapter 6 Putana|dirt eating,Childhood turning / first birthday ceremony begins,Protective rites and charity after the cart collapses
011,the-salvation-of-trinavarta,The Salvation of Tṛṇāvarta,krishna_book_bedtime,krishna_book,Krishna Book Chapter 7,SB 10.7 / Krishna Book Chapter 7 — Tṛṇāvarta whirlwind,"Kṛṣṇa becomes unbearably heavy in Yaśodā's lap; she places Him on the ground. Tṛṇāvarta arrives as a whirlwind, covers Gokula in dust, and carries Him up. Kṛṣṇa becomes heavy, catches the demon's neck; Tṛṇāvarta falls and Kṛṣṇa remains safe. Residents recover Him and remember Vasudeva's warning.",6-12,bedtime_story,,theme=protection from the whirlwind demon; sensitivity=standard; activity=DRAW_AND_REFLECT; v1.7.3_ch7_8_split,heavy in Yasoda lap|Trinavarta whirlwind|dust storm|searches for Krishna|catches neck|demon falls|Krishna safe|Vasudeva warning remembered,cart breaking as main event|universe in mouth while nursing|Garga Muni|Chapter 8 dirt eating,Kṛṣṇa becomes heavy in Yaśodā's lap,Residents recover Kṛṣṇa; Nanda remembers Vasudeva
012,yasoda-sees-the-universe-while-krishna-yawns,Yaśodā Sees the Universe While Kṛṣṇa Yawns,krishna_book_bedtime,krishna_book,Krishna Book Chapter 7,SB 10.7 / Krishna Book Chapter 7 — first universal-mouth manifestation,"While Yaśodā nurses Kṛṣṇa, He yawns and she sees the universe within His mouth for the first time — sky, luminaries, seas, mountains, and living beings — distinct from the later dirt-eating vision.",6-12,bedtime_story,,"theme=God is always God, even as a nursing child; sensitivity=standard; activity=REFLECT_AND_DRAW; v1.7.3_ch7_8_split",nursing|yawn|universe within mouth|first manifestation|distinct from dirt-eating vision,dirt eating accusation|Garga Muni name-giving|Trinavarta as main event|Chapter 8 substitute,Yaśodā nurses Kṛṣṇa after Tṛṇāvarta,First vision of the universe in His mouth while yawning
013,garga-muni-names-krishna-and-balarama,Garga Muni Names Kṛṣṇa and Balarāma,krishna_book_bedtime,krishna_book,Krishna Book Chapter 8,SB 10.8 / Krishna Book Chapter 8 — secret name-giving,"Garga Muni comes secretly to Nanda's home. A quiet name-giving ceremony is performed. He explains names and meanings of Balarāma (Rāma, Baladeva, Saṅkarṣaṇa) and Kṛṣṇa / Vāsudeva, with prophecies of protection and future pastimes.",6-12,bedtime_story,,theme=sacred names and careful protection; sensitivity=standard; activity=NAME_MEANING_MATCH; v1.7.3_ch7_8_split,Garga Muni|secret ceremony|Balarama names|Krishna Vasudeva|prophecies|Kamsa caution,dirt eating|universal form in mouth as main event|butter theft complaints as main|Chapter 7 cart,Garga Muni arrives at Nanda's home,Garga returns; Nanda feels most fortunate
014,krishna-and-balaramas-crawling-adventures,Kṛṣṇa and Balarāma’s Crawling Adventures,krishna_book_bedtime,krishna_book,Krishna Book Chapter 8,SB 10.8 / Krishna Book Chapter 8 — crawling pastimes,"Kṛṣṇa and Balarāma crawl with ankle bells, play in clay, catch calves' tails, and are protected by Yaśodā and Rohiṇī from animals, water, fire, and danger.",6-12,bedtime_story,,theme=joyful childhood and motherly care; sensitivity=standard; activity=DRAW_AND_REFLECT; v1.7.3_ch7_8_split,crawling|ankle bells|clay|calves tails|mothers protect|animals water fire,butter theft as main|dirt eating|universal form|Garga ceremony as main,Boys begin crawling after name-giving,Mothers' protection as the boys begin to walk
015,the-gopis-complain-about-butter-theft,The Gopīs Complain About Butter Theft,krishna_book_bedtime,krishna_book,Krishna Book Chapter 8,SB 10.8 / Krishna Book Chapter 8 — butter and yogurt mischief,"Loving gopīs complain to Yaśodā about butter, yogurt, and milk mischief — loosing calves, feeding monkeys, breaking pots — while Kṛṣṇa sits looking innocent.",6-12,bedtime_story,,theme=loving complaints and soft motherly affection; sensitivity=standard; activity=STORY_SEQUENCE; v1.7.3_ch7_8_split,gopis complain|butter yogurt milk|calves loosed|monkeys|Yasoda soft response|innocent face,dirt eating|universal form|Garga Muni|Damodara rope-binding from Chapter 9,Gopīs assemble to lodge complaints,Yaśodā smiles and withholds harsh chastisement
016,krishna-eats-dirt-and-reveals-the-universe,Kṛṣṇa Eats Dirt and Reveals the Universe,krishna_book_bedtime,krishna_book,Krishna Book Chapter 8,SB 10.8 / Krishna Book Chapter 8 — dirt-eating universal form,"Friends accuse Kṛṣṇa of eating dirt. He opens His mouth; Yaśodā sees the complete cosmic manifestation. She reflects philosophically; yoga-māyā restores maternal affection. The Droṇa-Dharā benediction explains Nanda and Yaśodā's fortune. This is the second universal-form vision, distinct from Chapter 7's yawning vision.",6-12,bedtime_story,,theme=the Lord reveals and then restores motherly love; sensitivity=standard; activity=REFLECT_AND_DRAW; v1.7.3_ch7_8_split,dirt eating accusation|opens mouth|cosmic manifestation|philosophical reflection|yoga-maya|Drona Dhara|second universal form distinct from yawn vision,Chapter 7 yawn vision as the same event|Trinavarta|cart breaking|Chapter 9 Damodara binding,Boys complain that Kṛṣṇa ate clay,Droṇa-Dharā benediction; childhood bliss in Vraja
017,mother-yasoda-binds-lord-krishna,Mother Yasoda Binds Lord Krishna,krishna_book_bedtime,krishna_book,Krishna Book Chapter 9,Complete Krishna Book Chapter 9,"This source-bounded episode follows Mother Yasoda Binds Lord Krishna and presents its central turning point with child-safe clarity, chronological fidelity, and a devotional focus.",6-12,bedtime_story,,theme=Krishna's protection wisdom and loving relationships; sensitivity=standard; activity=MINI_DRAMA,central event of Chapter 9|chronological source boundary|devotional lesson,full source quotation|material from Chapter 8|material from Chapter 10,Opening of Krishna Book Chapter 9,Conclusion of Krishna Book Chapter 9
018,the-deliverance-of-nalakuvara-and-manigriva,The Deliverance of Nalakuvara and Manigriva,krishna_book_bedtime,krishna_book,Krishna Book Chapter 10,Complete Krishna Book Chapter 10,"This source-bounded episode follows The Deliverance of Nalakuvara and Manigriva and presents its central turning point with child-safe clarity, chronological fidelity, and a devotional focus.",6-12,bedtime_story,,theme=Krishna's protection wisdom and loving relationships; sensitivity=standard; activity=MATCHING_GAME,central event of Chapter 10|chronological source boundary|devotional lesson,full source quotation|material from Chapter 9|material from Chapter 11,Opening of Krishna Book Chapter 10,Conclusion of Krishna Book Chapter 10
019,krishna-protects-the-calves-from-vatsasura-and-bakasura,Krishna Protects the Calves from Vatsasura and Bakasura,krishna_book_bedtime,krishna_book,Krishna Book Chapter 11,Complete Krishna Book Chapter 11,"This source-bounded episode follows Killing the Demons Vatsasura and Bakasura and presents its central turning point with child-safe clarity, chronological fidelity, and a devotional focus.",6-12,bedtime_story,,theme=Krishna's protection wisdom and loving relationships; sensitivity=gentle child adaptation required; activity=STORY_MAP,central event of Chapter 11|chronological source boundary|devotional lesson,full source quotation|material from Chapter 10|material from Chapter 12,Opening of Krishna Book Chapter 11,Conclusion of Krishna Book Chapter 11
020,krishna-protects-everyone-from-the-aghasura-demon,Krishna Protects Everyone from the Aghasura Demon,krishna_book_bedtime,krishna_book,Krishna Book Chapter 12,Complete Krishna Book Chapter 12,"This source-bounded episode follows The Killing of the Aghasura Demon and presents its central turning point with child-safe clarity, chronological fidelity, and a devotional focus.",6-12,bedtime_story,,theme=Krishna's protection wisdom and loving relationships; sensitivity=gentle child adaptation required; activity=FAMILY_MISSION,central event of Chapter 12|chronological source boundary|devotional lesson,full source quotation|material from Chapter 11|material from Chapter 13,Opening of Krishna Book Chapter 12,Conclusion of Krishna Book Chapter 12
021,the-stealing-of-the-boys-and-calves-by-brahma,The Stealing of the Boys and Calves by Brahma,krishna_book_bedtime,krishna_book,Krishna Book Chapter 13,Complete Krishna Book Chapter 13,"This source-bounded episode follows The Stealing of the Boys and Calves by Brahma and presents its central turning point with child-safe clarity, chronological fidelity, and a devotional focus.",6-12,bedtime_story,,theme=Krishna's protection wisdom and loving relationships; sensitivity=gentle child adaptation required; activity=DRAW_AND_REFLECT,central event of Chapter 13|chronological source boundary|devotional lesson,full source quotation|material from Chapter 12|material from Chapter 14,Opening of Krishna Book Chapter 13,Conclusion of Krishna Book Chapter 13
022,prayers-offered-by-lord-brahma-to-lord-krishna,Prayers Offered by Lord Brahma to Lord Krishna,krishna_book_bedtime,krishna_book,Krishna Book Chapter 14,Complete Krishna Book Chapter 14,"This source-bounded episode follows Prayers Offered by Lord Brahma to Lord Krishna and presents its central turning point with child-safe clarity, chronological fidelity, and a devotional focus.",6-12,bedtime_story,,theme=Krishna's protection wisdom and loving relationships; sensitivity=standard; activity=STORY_SEQUENCE,central event of Chapter 14|chronological source boundary|devotional lesson,full source quotation|material from Chapter 13|material from Chapter 15,Opening of Krishna Book Chapter 14,Conclusion of Krishna Book Chapter 14
023,krishna-protects-everyone-from-dhenukasura,Krishna Protects Everyone from Dhenukasura,krishna_book_bedtime,krishna_book,Krishna Book Chapter 15,Complete Krishna Book Chapter 15,"This source-bounded episode follows The Killing of Dhenukasura and presents its central turning point with child-safe clarity, chronological fidelity, and a devotional focus.",6-12,bedtime_story,,theme=Krishna's protection wisdom and loving relationships; sensitivity=gentle child adaptation required; activity=MINI_DRAMA,central event of Chapter 15|chronological source boundary|devotional lesson,full source quotation|material from Chapter 14|material from Chapter 16,Opening of Krishna Book Chapter 15,Conclusion of Krishna Book Chapter 15
024,subduing-kaliya,Subduing Kaliya,krishna_book_bedtime,krishna_book,Krishna Book Chapter 16,Complete Krishna Book Chapter 16,"This source-bounded episode follows Subduing Kaliya and presents its central turning point with child-safe clarity, chronological fidelity, and a devotional focus.",6-12,bedtime_story,,theme=Krishna's protection wisdom and loving relationships; sensitivity=standard; activity=MATCHING_GAME,central event of Chapter 16|chronological source boundary|devotional lesson,full source quotation|material from Chapter 15|material from Chapter 17,Opening of Krishna Book Chapter 16,Conclusion of Krishna Book Chapter 16
025,extinguishing-the-forest-fire,Extinguishing the Forest Fire,krishna_book_bedtime,krishna_book,Krishna Book Chapter 17,Complete Krishna Book Chapter 17,"This source-bounded episode follows Extinguishing the Forest Fire and presents its central turning point with child-safe clarity, chronological fidelity, and a devotional focus.",6-12,bedtime_story,,theme=Krishna's protection wisdom and loving relationships; sensitivity=standard; activity=STORY_MAP,central event of Chapter 17|chronological source boundary|devotional lesson,full source quotation|material from Chapter 16|material from Chapter 18,Opening of Krishna Book Chapter 17,Conclusion of Krishna Book Chapter 17
026,balarama-protects-his-friends-from-pralambasura,Balarama Protects His Friends from Pralambasura,krishna_book_bedtime,krishna_book,Krishna Book Chapter 18,Complete Krishna Book Chapter 18,"This source-bounded episode follows Killing the Demon Pralambasura and presents its central turning point with child-safe clarity, chronological fidelity, and a devotional focus.",6-12,bedtime_story,,theme=Krishna's protection wisdom and loving relationships; sensitivity=gentle child adaptation required; activity=FAMILY_MISSION,central event of Chapter 18|chronological source boundary|devotional lesson,full source quotation|material from Chapter 17|material from Chapter 19,Opening of Krishna Book Chapter 18,Conclusion of Krishna Book Chapter 18
027,devouring-the-forest-fire,Devouring the Forest Fire,krishna_book_bedtime,krishna_book,Krishna Book Chapter 19,Complete Krishna Book Chapter 19,"This source-bounded episode follows Devouring the Forest Fire and presents its central turning point with child-safe clarity, chronological fidelity, and a devotional focus.",6-12,bedtime_story,,theme=Krishna's protection wisdom and loving relationships; sensitivity=standard; activity=DRAW_AND_REFLECT,central event of Chapter 19|chronological source boundary|devotional lesson,full source quotation|material from Chapter 18|material from Chapter 20,Opening of Krishna Book Chapter 19,Conclusion of Krishna Book Chapter 19
028,description-of-autumn,Description of Autumn,krishna_book_bedtime,krishna_book,Krishna Book Chapter 20,Complete Krishna Book Chapter 20,"This source-bounded episode follows Description of Autumn and presents its central turning point with child-safe clarity, chronological fidelity, and a devotional focus.",6-12,bedtime_story,,theme=Krishna's protection wisdom and loving relationships; sensitivity=standard; activity=STORY_SEQUENCE,central event of Chapter 20|chronological source boundary|devotional lesson,full source quotation|material from Chapter 19|material from Chapter 21,Opening of Krishna Book Chapter 20,Conclusion of Krishna Book Chapter 20
029,the-gopis-attracted-by-the-flute,The Gopis Attracted by the Flute,krishna_book_bedtime,krishna_book,Krishna Book Chapter 21,Complete Krishna Book Chapter 21,"This source-bounded episode follows The Gopis Attracted by the Flute and presents its central turning point with child-safe clarity, chronological fidelity, and a devotional focus.",6-12,bedtime_story,,theme=Krishna's protection wisdom and loving relationships; sensitivity=standard; activity=MINI_DRAMA,central event of Chapter 21|chronological source boundary|devotional lesson,full source quotation|material from Chapter 20|material from Chapter 22,Opening of Krishna Book Chapter 21,Conclusion of Krishna Book Chapter 21
030,stealing-the-garments-of-the-unmarried-gopi-girls,Stealing the Garments of the Unmarried Gopi Girls,krishna_book_bedtime,krishna_book,Krishna Book Chapter 22,Complete Krishna Book Chapter 22,"This source-bounded episode follows Stealing the Garments of the Unmarried Gopi Girls and presents its central turning point with child-safe clarity, chronological fidelity, and a devotional focus.",6-12,bedtime_story,,theme=Krishna's protection wisdom and loving relationships; sensitivity=gentle child adaptation required; activity=MATCHING_GAME,central event of Chapter 22|chronological source boundary|devotional lesson,full source quotation|material from Chapter 21|material from Chapter 23,Opening of Krishna Book Chapter 22,Conclusion of Krishna Book Chapter 22
031,delivering-the-wives-of-the-brahmanas-who-performed-sacrifices,Delivering the Wives of the Brahmanas Who Performed Sacrifices,krishna_book_bedtime,krishna_book,Krishna Book Chapter 23,Complete Krishna Book Chapter 23,"This source-bounded episode follows Delivering the Wives of the Brahmanas Who Performed Sacrifices and presents its central turning point with child-safe clarity, chronological fidelity, and a devotional focus.",6-12,bedtime_story,,theme=Krishna's protection wisdom and loving relationships; sensitivity=standard; activity=STORY_MAP,central event of Chapter 23|chronological source boundary|devotional lesson,full source quotation|material from Chapter 22|material from Chapter 24,Opening of Krishna Book Chapter 23,Conclusion of Krishna Book Chapter 23
032,worshiping-govardhana-hill,Worshiping Govardhana Hill,krishna_book_bedtime,krishna_book,Krishna Book Chapter 24,Complete Krishna Book Chapter 24,"This source-bounded episode follows Worshiping Govardhana Hill and presents its central turning point with child-safe clarity, chronological fidelity, and a devotional focus.",6-12,bedtime_story,,theme=Krishna's protection wisdom and loving relationships; sensitivity=standard; activity=FAMILY_MISSION,central event of Chapter 24|chronological source boundary|devotional lesson,full source quotation|material from Chapter 23|material from Chapter 25,Opening of Krishna Book Chapter 24,Conclusion of Krishna Book Chapter 24
033,devastating-rainfall-in-vrindavana,Devastating Rainfall in Vrindavana,krishna_book_bedtime,krishna_book,Krishna Book Chapter 25,Complete Krishna Book Chapter 25,"This source-bounded episode follows Devastating Rainfall in Vrindavana and presents its central turning point with child-safe clarity, chronological fidelity, and a devotional focus.",6-12,bedtime_story,,theme=Krishna's protection wisdom and loving relationships; sensitivity=standard; activity=DRAW_AND_REFLECT,central event of Chapter 25|chronological source boundary|devotional lesson,full source quotation|material from Chapter 24|material from Chapter 26,Opening of Krishna Book Chapter 25,Conclusion of Krishna Book Chapter 25
034,wonderful-krishna,Wonderful Krishna,krishna_book_bedtime,krishna_book,Krishna Book Chapter 26,Complete Krishna Book Chapter 26,"This source-bounded episode follows Wonderful Krishna and presents its central turning point with child-safe clarity, chronological fidelity, and a devotional focus.",6-12,bedtime_story,,theme=Krishna's protection wisdom and loving relationships; sensitivity=standard; activity=STORY_SEQUENCE,central event of Chapter 26|chronological source boundary|devotional lesson,full source quotation|material from Chapter 25|material from Chapter 27,Opening of Krishna Book Chapter 26,Conclusion of Krishna Book Chapter 26
035,prayers-by-indra-the-king-of-heaven,"Prayers by Indra, the King of Heaven",krishna_book_bedtime,krishna_book,Krishna Book Chapter 27,Complete Krishna Book Chapter 27,"This source-bounded episode follows Prayers by Indra, the King of Heaven and presents its central turning point with child-safe clarity, chronological fidelity, and a devotional focus.",6-12,bedtime_story,,theme=Krishna's protection wisdom and loving relationships; sensitivity=standard; activity=MINI_DRAMA,central event of Chapter 27|chronological source boundary|devotional lesson,full source quotation|material from Chapter 26|material from Chapter 28,Opening of Krishna Book Chapter 27,Conclusion of Krishna Book Chapter 27
036,releasing-nanda-maharaja-from-the-clutches-of-varuna,Releasing Nanda Maharaja from the Clutches of Varuna,krishna_book_bedtime,krishna_book,Krishna Book Chapter 28,Complete Krishna Book Chapter 28,"This source-bounded episode follows Releasing Nanda Maharaja from the Clutches of Varuna and presents its central turning point with child-safe clarity, chronological fidelity, and a devotional focus.",6-12,bedtime_story,,theme=Krishna's protection wisdom and loving relationships; sensitivity=standard; activity=MATCHING_GAME,central event of Chapter 28|chronological source boundary|devotional lesson,full source quotation|material from Chapter 27|material from Chapter 29,Opening of Krishna Book Chapter 28,Conclusion of Krishna Book Chapter 28
037,the-rasa-dance-introduction,The Rasa Dance: Introduction,krishna_book_bedtime,krishna_book,Krishna Book Chapter 29,Complete Krishna Book Chapter 29,"This source-bounded episode follows The Rasa Dance: Introduction and presents its central turning point with child-safe clarity, chronological fidelity, and a devotional focus.",6-12,bedtime_story,,theme=Krishna's protection wisdom and loving relationships; sensitivity=gentle child adaptation required; activity=STORY_MAP,central event of Chapter 29|chronological source boundary|devotional lesson,full source quotation|material from Chapter 28|material from Chapter 30,Opening of Krishna Book Chapter 29,Conclusion of Krishna Book Chapter 29
038,krishna-s-hiding-from-the-gopis,Krishna's Hiding from the Gopis,krishna_book_bedtime,krishna_book,Krishna Book Chapter 30,Complete Krishna Book Chapter 30,"This source-bounded episode follows Krishna's Hiding from the Gopis and presents its central turning point with child-safe clarity, chronological fidelity, and a devotional focus.",6-12,bedtime_story,,theme=Krishna's protection wisdom and loving relationships; sensitivity=standard; activity=FAMILY_MISSION,central event of Chapter 30|chronological source boundary|devotional lesson,full source quotation|material from Chapter 29|material from Chapter 31,Opening of Krishna Book Chapter 30,Conclusion of Krishna Book Chapter 30
039,songs-by-the-gopis,Songs by the Gopis,krishna_book_bedtime,krishna_book,Krishna Book Chapter 31,Complete Krishna Book Chapter 31,"This source-bounded episode follows Songs by the Gopis and presents its central turning point with child-safe clarity, chronological fidelity, and a devotional focus.",6-12,bedtime_story,,theme=Krishna's protection wisdom and loving relationships; sensitivity=standard; activity=DRAW_AND_REFLECT,central event of Chapter 31|chronological source boundary|devotional lesson,full source quotation|material from Chapter 30|material from Chapter 32,Opening of Krishna Book Chapter 31,Conclusion of Krishna Book Chapter 31
040,krishna-returns-to-the-gopis,Krishna Returns to the Gopis,krishna_book_bedtime,krishna_book,Krishna Book Chapter 32,Complete Krishna Book Chapter 32,"This source-bounded episode follows Krishna Returns to the Gopis and presents its central turning point with child-safe clarity, chronological fidelity, and a devotional focus.",6-12,bedtime_story,,theme=Krishna's protection wisdom and loving relationships; sensitivity=standard; activity=STORY_SEQUENCE,central event of Chapter 32|chronological source boundary|devotional lesson,full source quotation|material from Chapter 31|material from Chapter 33,Opening of Krishna Book Chapter 32,Conclusion of Krishna Book Chapter 32
041,description-of-the-rasa-dance,Description of the Rasa Dance,krishna_book_bedtime,krishna_book,Krishna Book Chapter 33,Complete Krishna Book Chapter 33,"This source-bounded episode follows Description of the Rasa Dance and presents its central turning point with child-safe clarity, chronological fidelity, and a devotional focus.",6-12,bedtime_story,,theme=Krishna's protection wisdom and loving relationships; sensitivity=gentle child adaptation required; activity=MINI_DRAMA,central event of Chapter 33|chronological source boundary|devotional lesson,full source quotation|material from Chapter 32|material from Chapter 34,Opening of Krishna Book Chapter 33,Conclusion of Krishna Book Chapter 33
042,vidyadhara-liberated-and-the-demon-sankhacuda-and-krishna-s-protection,Vidyadhara Liberated and the Demon Sankhacuda and Krishna's Protection,krishna_book_bedtime,krishna_book,Krishna Book Chapter 34,Complete Krishna Book Chapter 34,"This source-bounded episode follows Vidyadhara Liberated and the Demon Sankhacuda Killed and presents its central turning point with child-safe clarity, chronological fidelity, and a devotional focus.",6-12,bedtime_story,,theme=Krishna's protection wisdom and loving relationships; sensitivity=gentle child adaptation required; activity=MATCHING_GAME,central event of Chapter 34|chronological source boundary|devotional lesson,full source quotation|material from Chapter 33|material from Chapter 35,Opening of Krishna Book Chapter 34,Conclusion of Krishna Book Chapter 34
043,the-gopis-feelings-of-separation,The Gopis' Feelings of Separation,krishna_book_bedtime,krishna_book,Krishna Book Chapter 35,Complete Krishna Book Chapter 35,"This source-bounded episode follows The Gopis' Feelings of Separation and presents its central turning point with child-safe clarity, chronological fidelity, and a devotional focus.",6-12,bedtime_story,,theme=Krishna's protection wisdom and loving relationships; sensitivity=gentle child adaptation required; activity=STORY_MAP,central event of Chapter 35|chronological source boundary|devotional lesson,full source quotation|material from Chapter 34|material from Chapter 36,Opening of Krishna Book Chapter 35,Conclusion of Krishna Book Chapter 35
044,kamsa-sends-akrura-for-krishna,Kamsa Sends Akrura for Krishna,krishna_book_bedtime,krishna_book,Krishna Book Chapter 36,Complete Krishna Book Chapter 36,"This source-bounded episode follows Kamsa Sends Akrura for Krishna and presents its central turning point with child-safe clarity, chronological fidelity, and a devotional focus.",6-12,bedtime_story,,theme=Krishna's protection wisdom and loving relationships; sensitivity=standard; activity=FAMILY_MISSION,central event of Chapter 36|chronological source boundary|devotional lesson,full source quotation|material from Chapter 35|material from Chapter 37,Opening of Krishna Book Chapter 36,Conclusion of Krishna Book Chapter 36
045,krishna-protects-vrindavana-from-kesi-and-vyomasura,Krishna Protects Vrindavana from Kesi and Vyomasura,krishna_book_bedtime,krishna_book,Krishna Book Chapter 37,Complete Krishna Book Chapter 37,"This source-bounded episode follows Killing the Kesi Demon and Vyomasura and presents its central turning point with child-safe clarity, chronological fidelity, and a devotional focus.",6-12,bedtime_story,,theme=Krishna's protection wisdom and loving relationships; sensitivity=gentle child adaptation required; activity=DRAW_AND_REFLECT,central event of Chapter 37|chronological source boundary|devotional lesson,full source quotation|material from Chapter 36|material from Chapter 38,Opening of Krishna Book Chapter 37,Conclusion of Krishna Book Chapter 37
046,akrura-s-arrival-in-vrindavana,Akrura's Arrival in Vrindavana,krishna_book_bedtime,krishna_book,Krishna Book Chapter 38,Complete Krishna Book Chapter 38,"This source-bounded episode follows Akrura's Arrival in Vrindavana and presents its central turning point with child-safe clarity, chronological fidelity, and a devotional focus.",6-12,bedtime_story,,theme=Krishna's protection wisdom and loving relationships; sensitivity=standard; activity=STORY_SEQUENCE,central event of Chapter 38|chronological source boundary|devotional lesson,full source quotation|material from Chapter 37|material from Chapter 39,Opening of Krishna Book Chapter 38,Conclusion of Krishna Book Chapter 38
047,akrura-s-return-journey-and-his-vision-of-visnuloka-within-the-yamuna-,Akrura's Return Journey and His Vision of Visnuloka Within the Yamuna River,krishna_book_bedtime,krishna_book,Krishna Book Chapter 39,Complete Krishna Book Chapter 39,"This source-bounded episode follows Akrura's Return Journey and His Vision of Visnuloka Within the Yamuna River and presents its central turning point with child-safe clarity, chronological fidelity, and a devotional focus.",6-12,bedtime_story,,theme=Krishna's protection wisdom and loving relationships; sensitivity=standard; activity=MINI_DRAMA,central event of Chapter 39|chronological source boundary|devotional lesson,full source quotation|material from Chapter 38|material from Chapter 40,Opening of Krishna Book Chapter 39,Conclusion of Krishna Book Chapter 39
048,prayers-by-akrura,Prayers by Akrura,krishna_book_bedtime,krishna_book,Krishna Book Chapter 40,Complete Krishna Book Chapter 40,"This source-bounded episode follows Prayers by Akrura and presents its central turning point with child-safe clarity, chronological fidelity, and a devotional focus.",6-12,bedtime_story,,theme=Krishna's protection wisdom and loving relationships; sensitivity=standard; activity=MATCHING_GAME,central event of Chapter 40|chronological source boundary|devotional lesson,full source quotation|material from Chapter 39|material from Chapter 41,Opening of Krishna Book Chapter 40,Conclusion of Krishna Book Chapter 40
049,krishna-enters-mathura,Krishna Enters Mathura,krishna_book_bedtime,krishna_book,Krishna Book Chapter 41,Complete Krishna Book Chapter 41,"This source-bounded episode follows Krishna Enters Mathura and presents its central turning point with child-safe clarity, chronological fidelity, and a devotional focus.",6-12,bedtime_story,,theme=Krishna's protection wisdom and loving relationships; sensitivity=standard; activity=STORY_MAP,central event of Chapter 41|chronological source boundary|devotional lesson,full source quotation|material from Chapter 40|material from Chapter 42,Opening of Krishna Book Chapter 41,Conclusion of Krishna Book Chapter 41
050,the-breaking-of-the-bow-in-the-sacrificial-arena,The Breaking of the Bow in the Sacrificial Arena,krishna_book_bedtime,krishna_book,Krishna Book Chapter 42,Complete Krishna Book Chapter 42,"This source-bounded episode follows The Breaking of the Bow in the Sacrificial Arena and presents its central turning point with child-safe clarity, chronological fidelity, and a devotional focus.",6-12,bedtime_story,,theme=Krishna's protection wisdom and loving relationships; sensitivity=standard; activity=FAMILY_MISSION,central event of Chapter 42|chronological source boundary|devotional lesson,full source quotation|material from Chapter 41|material from Chapter 43,Opening of Krishna Book Chapter 42,Conclusion of Krishna Book Chapter 42
051,krishna-protects-everyone-from-the-elephant-kuvalayapida,Krishna Protects Everyone from the Elephant Kuvalayapida,krishna_book_bedtime,krishna_book,Krishna Book Chapter 43,Complete Krishna Book Chapter 43,"This source-bounded episode follows The Killing of the Elephant Kuvalayapida and presents its central turning point with child-safe clarity, chronological fidelity, and a devotional focus.",6-12,bedtime_story,,theme=Krishna's protection wisdom and loving relationships; sensitivity=gentle child adaptation required; activity=DRAW_AND_REFLECT,central event of Chapter 43|chronological source boundary|devotional lesson,full source quotation|material from Chapter 42|material from Chapter 44,Opening of Krishna Book Chapter 43,Conclusion of Krishna Book Chapter 43
052,krishna-protects-everyone-from-kamsa,Krishna Protects Everyone from Kamsa,krishna_book_bedtime,krishna_book,Krishna Book Chapter 44,Complete Krishna Book Chapter 44,"This source-bounded episode follows The Killing of Kamsa and presents its central turning point with child-safe clarity, chronological fidelity, and a devotional focus.",6-12,bedtime_story,,theme=Krishna's protection wisdom and loving relationships; sensitivity=gentle child adaptation required; activity=STORY_SEQUENCE,central event of Chapter 44|chronological source boundary|devotional lesson,full source quotation|material from Chapter 43|material from Chapter 45,Opening of Krishna Book Chapter 44,Conclusion of Krishna Book Chapter 44
053,krishna-recovers-the-son-of-his-teacher,Krishna Recovers the Son of His Teacher,krishna_book_bedtime,krishna_book,Krishna Book Chapter 45,Complete Krishna Book Chapter 45,"This source-bounded episode follows Krishna Recovers the Son of His Teacher and presents its central turning point with child-safe clarity, chronological fidelity, and a devotional focus.",6-12,bedtime_story,,theme=Krishna's protection wisdom and loving relationships; sensitivity=standard; activity=MINI_DRAMA,central event of Chapter 45|chronological source boundary|devotional lesson,full source quotation|material from Chapter 44|material from Chapter 46,Opening of Krishna Book Chapter 45,Conclusion of Krishna Book Chapter 45
054,uddhava-visits-vrindavana,Uddhava Visits Vrindavana,krishna_book_bedtime,krishna_book,Krishna Book Chapter 46,Complete Krishna Book Chapter 46,"This source-bounded episode follows Uddhava Visits Vrindavana and presents its central turning point with child-safe clarity, chronological fidelity, and a devotional focus.",6-12,bedtime_story,,theme=Krishna's protection wisdom and loving relationships; sensitivity=standard; activity=MATCHING_GAME,central event of Chapter 46|chronological source boundary|devotional lesson,full source quotation|material from Chapter 45|material from Chapter 47,Opening of Krishna Book Chapter 46,Conclusion of Krishna Book Chapter 46
055,delivery-of-the-message-of-krishna-to-the-gopis,Delivery of the Message of Krishna to the Gopis,krishna_book_bedtime,krishna_book,Krishna Book Chapter 47,Complete Krishna Book Chapter 47,"This source-bounded episode follows Delivery of the Message of Krishna to the Gopis and presents its central turning point with child-safe clarity, chronological fidelity, and a devotional focus.",6-12,bedtime_story,,theme=Krishna's protection wisdom and loving relationships; sensitivity=standard; activity=STORY_MAP,central event of Chapter 47|chronological source boundary|devotional lesson,full source quotation|material from Chapter 46|material from Chapter 48,Opening of Krishna Book Chapter 47,Conclusion of Krishna Book Chapter 47
056,krishna-pleases-his-devotees,Krishna Pleases His Devotees,krishna_book_bedtime,krishna_book,Krishna Book Chapter 48,Complete Krishna Book Chapter 48,"This source-bounded episode follows Krishna Pleases His Devotees and presents its central turning point with child-safe clarity, chronological fidelity, and a devotional focus.",6-12,bedtime_story,,theme=Krishna's protection wisdom and loving relationships; sensitivity=standard; activity=FAMILY_MISSION,central event of Chapter 48|chronological source boundary|devotional lesson,full source quotation|material from Chapter 47|material from Chapter 49,Opening of Krishna Book Chapter 48,Conclusion of Krishna Book Chapter 48
057,ill-motivated-dhrtarastra,Ill-motivated Dhrtarastra,krishna_book_bedtime,krishna_book,Krishna Book Chapter 49,Complete Krishna Book Chapter 49,"This source-bounded episode follows Ill-motivated Dhrtarastra and presents its central turning point with child-safe clarity, chronological fidelity, and a devotional focus.",6-12,bedtime_story,,theme=Krishna's protection wisdom and loving relationships; sensitivity=standard; activity=DRAW_AND_REFLECT,central event of Chapter 49|chronological source boundary|devotional lesson,full source quotation|material from Chapter 48|material from Chapter 50,Opening of Krishna Book Chapter 49,Conclusion of Krishna Book Chapter 49
058,krishna-erects-the-dvaraka-fort,Krishna Erects the Dvaraka Fort,krishna_book_bedtime,krishna_book,Krishna Book Chapter 50,Complete Krishna Book Chapter 50,"This source-bounded episode follows Krishna Erects the Dvaraka Fort and presents its central turning point with child-safe clarity, chronological fidelity, and a devotional focus.",6-12,bedtime_story,,theme=Krishna's protection wisdom and loving relationships; sensitivity=standard; activity=STORY_SEQUENCE,central event of Chapter 50|chronological source boundary|devotional lesson,full source quotation|material from Chapter 49|material from Chapter 51,Opening of Krishna Book Chapter 50,Conclusion of Krishna Book Chapter 50
059,the-deliverance-of-mucukunda,The Deliverance of Mucukunda,krishna_book_bedtime,krishna_book,Krishna Book Chapter 51,Complete Krishna Book Chapter 51,"This source-bounded episode follows The Deliverance of Mucukunda and presents its central turning point with child-safe clarity, chronological fidelity, and a devotional focus.",6-12,bedtime_story,,theme=Krishna's protection wisdom and loving relationships; sensitivity=standard; activity=MINI_DRAMA,central event of Chapter 51|chronological source boundary|devotional lesson,full source quotation|material from Chapter 50|material from Chapter 52,Opening of Krishna Book Chapter 51,Conclusion of Krishna Book Chapter 51
060,krishna-the-ranacora,"Krishna, the Ranacora",krishna_book_bedtime,krishna_book,Krishna Book Chapter 52,Complete Krishna Book Chapter 52,"This source-bounded episode follows Krishna, the Ranacora and presents its central turning point with child-safe clarity, chronological fidelity, and a devotional focus.",6-12,bedtime_story,,theme=Krishna's protection wisdom and loving relationships; sensitivity=standard; activity=MATCHING_GAME,central event of Chapter 52|chronological source boundary|devotional lesson,full source quotation|material from Chapter 51|material from Chapter 53,Opening of Krishna Book Chapter 52,Conclusion of Krishna Book Chapter 52
061,krishna-kidnaps-rukmini,Krishna Kidnaps Rukmini,krishna_book_bedtime,krishna_book,Krishna Book Chapter 53,Complete Krishna Book Chapter 53,"This source-bounded episode follows Krishna Kidnaps Rukmini and presents its central turning point with child-safe clarity, chronological fidelity, and a devotional focus.",6-12,bedtime_story,,theme=Krishna's protection wisdom and loving relationships; sensitivity=gentle child adaptation required; activity=STORY_MAP,central event of Chapter 53|chronological source boundary|devotional lesson,full source quotation|material from Chapter 52|material from Chapter 54,Opening of Krishna Book Chapter 53,Conclusion of Krishna Book Chapter 53
062,krishna-defeats-all-the-princes-and-takes-rukmini-home-to-dvaraka,Krishna Defeats All the Princes and Takes Rukmini Home to Dvaraka,krishna_book_bedtime,krishna_book,Krishna Book Chapter 54,Complete Krishna Book Chapter 54,"This source-bounded episode follows Krishna Defeats All the Princes and Takes Rukmini Home to Dvaraka and presents its central turning point with child-safe clarity, chronological fidelity, and a devotional focus.",6-12,bedtime_story,,theme=Krishna's protection wisdom and loving relationships; sensitivity=standard; activity=FAMILY_MISSION,central event of Chapter 54|chronological source boundary|devotional lesson,full source quotation|material from Chapter 53|material from Chapter 55,Opening of Krishna Book Chapter 54,Conclusion of Krishna Book Chapter 54
063,pradyumna-born-to-krishna-and-rukmini,Pradyumna Born to Krishna and Rukmini,krishna_book_bedtime,krishna_book,Krishna Book Chapter 55,Complete Krishna Book Chapter 55,"This source-bounded episode follows Pradyumna Born to Krishna and Rukmini and presents its central turning point with child-safe clarity, chronological fidelity, and a devotional focus.",6-12,bedtime_story,,theme=Krishna's protection wisdom and loving relationships; sensitivity=standard; activity=DRAW_AND_REFLECT,central event of Chapter 55|chronological source boundary|devotional lesson,full source quotation|material from Chapter 54|material from Chapter 56,Opening of Krishna Book Chapter 55,Conclusion of Krishna Book Chapter 55
064,the-story-of-the-syamantaka-jewel,The Story of the Syamantaka Jewel,krishna_book_bedtime,krishna_book,Krishna Book Chapter 56,Complete Krishna Book Chapter 56,"This source-bounded episode follows The Story of the Syamantaka Jewel and presents its central turning point with child-safe clarity, chronological fidelity, and a devotional focus.",6-12,bedtime_story,,theme=Krishna's protection wisdom and loving relationships; sensitivity=standard; activity=STORY_SEQUENCE,central event of Chapter 56|chronological source boundary|devotional lesson,full source quotation|material from Chapter 55|material from Chapter 57,Opening of Krishna Book Chapter 56,Conclusion of Krishna Book Chapter 56
065,krishna-protects-everyone-from-satrajit-and-satadhanva,Krishna Protects Everyone from Satrajit and Satadhanva,krishna_book_bedtime,krishna_book,Krishna Book Chapter 57,Complete Krishna Book Chapter 57,"This source-bounded episode follows The Killing of Satrajit and Satadhanva and presents its central turning point with child-safe clarity, chronological fidelity, and a devotional focus.",6-12,bedtime_story,,theme=Krishna's protection wisdom and loving relationships; sensitivity=gentle child adaptation required; activity=MINI_DRAMA,central event of Chapter 57|chronological source boundary|devotional lesson,full source quotation|material from Chapter 56|material from Chapter 58,Opening of Krishna Book Chapter 57,Conclusion of Krishna Book Chapter 57
066,five-queens-married-by-krishna,Five Queens Married by Krishna,krishna_book_bedtime,krishna_book,Krishna Book Chapter 58,Complete Krishna Book Chapter 58,"This source-bounded episode follows Five Queens Married by Krishna and presents its central turning point with child-safe clarity, chronological fidelity, and a devotional focus.",6-12,bedtime_story,,theme=Krishna's protection wisdom and loving relationships; sensitivity=standard; activity=MATCHING_GAME,central event of Chapter 58|chronological source boundary|devotional lesson,full source quotation|material from Chapter 57|material from Chapter 59,Opening of Krishna Book Chapter 58,Conclusion of Krishna Book Chapter 58
067,the-deliverance-of-the-demon-bhaumasura,The Deliverance of the Demon Bhaumasura,krishna_book_bedtime,krishna_book,Krishna Book Chapter 59,Complete Krishna Book Chapter 59,"This source-bounded episode follows The Deliverance of the Demon Bhaumasura and presents its central turning point with child-safe clarity, chronological fidelity, and a devotional focus.",6-12,bedtime_story,,theme=Krishna's protection wisdom and loving relationships; sensitivity=gentle child adaptation required; activity=STORY_MAP,central event of Chapter 59|chronological source boundary|devotional lesson,full source quotation|material from Chapter 58|material from Chapter 60,Opening of Krishna Book Chapter 59,Conclusion of Krishna Book Chapter 59
068,talks-between-krishna-and-rukmini,Talks Between Krishna and Rukmini,krishna_book_bedtime,krishna_book,Krishna Book Chapter 60,Complete Krishna Book Chapter 60,"This source-bounded episode follows Talks Between Krishna and Rukmini and presents its central turning point with child-safe clarity, chronological fidelity, and a devotional focus.",6-12,bedtime_story,,theme=Krishna's protection wisdom and loving relationships; sensitivity=standard; activity=FAMILY_MISSION,central event of Chapter 60|chronological source boundary|devotional lesson,full source quotation|material from Chapter 59|material from Chapter 61,Opening of Krishna Book Chapter 60,Conclusion of Krishna Book Chapter 60
069,the-genealogy-of-the-family-of-krishna,The Genealogy of the Family of Krishna,krishna_book_bedtime,krishna_book,Krishna Book Chapter 61,Complete Krishna Book Chapter 61,"This source-bounded episode follows The Genealogy of the Family of Krishna and presents its central turning point with child-safe clarity, chronological fidelity, and a devotional focus.",6-12,bedtime_story,,theme=Krishna's protection wisdom and loving relationships; sensitivity=standard; activity=DRAW_AND_REFLECT,central event of Chapter 61|chronological source boundary|devotional lesson,full source quotation|material from Chapter 60|material from Chapter 62,Opening of Krishna Book Chapter 61,Conclusion of Krishna Book Chapter 61
070,the-meeting-of-usa-and-aniruddha,The Meeting of Usa and Aniruddha,krishna_book_bedtime,krishna_book,Krishna Book Chapter 62,Complete Krishna Book Chapter 62,"This source-bounded episode follows The Meeting of Usa and Aniruddha and presents its central turning point with child-safe clarity, chronological fidelity, and a devotional focus.",6-12,bedtime_story,,theme=Krishna's protection wisdom and loving relationships; sensitivity=standard; activity=STORY_SEQUENCE,central event of Chapter 62|chronological source boundary|devotional lesson,full source quotation|material from Chapter 61|material from Chapter 63,Opening of Krishna Book Chapter 62,Conclusion of Krishna Book Chapter 62
071,lord-krishna-fights-with-banasura,Lord Krishna Fights with Banasura,krishna_book_bedtime,krishna_book,Krishna Book Chapter 63,Complete Krishna Book Chapter 63,"This source-bounded episode follows Lord Krishna Fights with Banasura and presents its central turning point with child-safe clarity, chronological fidelity, and a devotional focus.",6-12,bedtime_story,,theme=Krishna's protection wisdom and loving relationships; sensitivity=standard; activity=MINI_DRAMA,central event of Chapter 63|chronological source boundary|devotional lesson,full source quotation|material from Chapter 62|material from Chapter 64,Opening of Krishna Book Chapter 63,Conclusion of Krishna Book Chapter 63
072,the-story-of-king-nrga,The Story of King Nrga,krishna_book_bedtime,krishna_book,Krishna Book Chapter 64,Complete Krishna Book Chapter 64,"This source-bounded episode follows The Story of King Nrga and presents its central turning point with child-safe clarity, chronological fidelity, and a devotional focus.",6-12,bedtime_story,,theme=Krishna's protection wisdom and loving relationships; sensitivity=standard; activity=MATCHING_GAME,central event of Chapter 64|chronological source boundary|devotional lesson,full source quotation|material from Chapter 63|material from Chapter 65,Opening of Krishna Book Chapter 64,Conclusion of Krishna Book Chapter 64
073,lord-balarama-visits-vrindavana,Lord Balarama Visits Vrindavana,krishna_book_bedtime,krishna_book,Krishna Book Chapter 65,Complete Krishna Book Chapter 65,"This source-bounded episode follows Lord Balarama Visits Vrindavana and presents its central turning point with child-safe clarity, chronological fidelity, and a devotional focus.",6-12,bedtime_story,,theme=Krishna's protection wisdom and loving relationships; sensitivity=standard; activity=STORY_MAP,central event of Chapter 65|chronological source boundary|devotional lesson,full source quotation|material from Chapter 64|material from Chapter 66,Opening of Krishna Book Chapter 65,Conclusion of Krishna Book Chapter 65
074,the-deliverance-of-paundraka-and-the-king-of-kasi,The Deliverance of Paundraka and the King of Kasi,krishna_book_bedtime,krishna_book,Krishna Book Chapter 66,Complete Krishna Book Chapter 66,"This source-bounded episode follows The Deliverance of Paundraka and the King of Kasi and presents its central turning point with child-safe clarity, chronological fidelity, and a devotional focus.",6-12,bedtime_story,,theme=Krishna's protection wisdom and loving relationships; sensitivity=standard; activity=FAMILY_MISSION,central event of Chapter 66|chronological source boundary|devotional lesson,full source quotation|material from Chapter 65|material from Chapter 67,Opening of Krishna Book Chapter 66,Conclusion of Krishna Book Chapter 66
075,the-deliverance-of-dvivida-gorilla,The Deliverance of Dvivida Gorilla,krishna_book_bedtime,krishna_book,Krishna Book Chapter 67,Complete Krishna Book Chapter 67,"This source-bounded episode follows The Deliverance of Dvivida Gorilla and presents its central turning point with child-safe clarity, chronological fidelity, and a devotional focus.",6-12,bedtime_story,,theme=Krishna's protection wisdom and loving relationships; sensitivity=standard; activity=DRAW_AND_REFLECT,central event of Chapter 67|chronological source boundary|devotional lesson,full source quotation|material from Chapter 66|material from Chapter 68,Opening of Krishna Book Chapter 67,Conclusion of Krishna Book Chapter 67
076,the-marriage-of-samba,The Marriage of Samba,krishna_book_bedtime,krishna_book,Krishna Book Chapter 68,Complete Krishna Book Chapter 68,"This source-bounded episode follows The Marriage of Samba and presents its central turning point with child-safe clarity, chronological fidelity, and a devotional focus.",6-12,bedtime_story,,theme=Krishna's protection wisdom and loving relationships; sensitivity=standard; activity=STORY_SEQUENCE,central event of Chapter 68|chronological source boundary|devotional lesson,full source quotation|material from Chapter 67|material from Chapter 69,Opening of Krishna Book Chapter 68,Conclusion of Krishna Book Chapter 68
077,the-great-sage-narada-visits-the-different-homes-of-lord-krishna,The Great Sage Narada Visits the Different Homes of Lord Krishna,krishna_book_bedtime,krishna_book,Krishna Book Chapter 69,Complete Krishna Book Chapter 69,"This source-bounded episode follows The Great Sage Narada Visits the Different Homes of Lord Krishna and presents its central turning point with child-safe clarity, chronological fidelity, and a devotional focus.",6-12,bedtime_story,,theme=Krishna's protection wisdom and loving relationships; sensitivity=standard; activity=MINI_DRAMA,central event of Chapter 69|chronological source boundary|devotional lesson,full source quotation|material from Chapter 68|material from Chapter 70,Opening of Krishna Book Chapter 69,Conclusion of Krishna Book Chapter 69
078,lord-krishna-s-daily-activities,Lord Krishna's Daily Activities,krishna_book_bedtime,krishna_book,Krishna Book Chapter 70,Complete Krishna Book Chapter 70,"This source-bounded episode follows Lord Krishna's Daily Activities and presents its central turning point with child-safe clarity, chronological fidelity, and a devotional focus.",6-12,bedtime_story,,theme=Krishna's protection wisdom and loving relationships; sensitivity=standard; activity=MATCHING_GAME,central event of Chapter 70|chronological source boundary|devotional lesson,full source quotation|material from Chapter 69|material from Chapter 71,Opening of Krishna Book Chapter 70,Conclusion of Krishna Book Chapter 70
079,lord-krishna-in-indraprastha-city,Lord Krishna in Indraprastha City,krishna_book_bedtime,krishna_book,Krishna Book Chapter 71,Complete Krishna Book Chapter 71,"This source-bounded episode follows Lord Krishna in Indraprastha City and presents its central turning point with child-safe clarity, chronological fidelity, and a devotional focus.",6-12,bedtime_story,,theme=Krishna's protection wisdom and loving relationships; sensitivity=standard; activity=STORY_MAP,central event of Chapter 71|chronological source boundary|devotional lesson,full source quotation|material from Chapter 70|material from Chapter 72,Opening of Krishna Book Chapter 71,Conclusion of Krishna Book Chapter 71
080,the-liberation-of-king-jarasandha,The Liberation of King Jarasandha,krishna_book_bedtime,krishna_book,Krishna Book Chapter 72,Complete Krishna Book Chapter 72,"This source-bounded episode follows The Liberation of King Jarasandha and presents its central turning point with child-safe clarity, chronological fidelity, and a devotional focus.",6-12,bedtime_story,,theme=Krishna's protection wisdom and loving relationships; sensitivity=gentle child adaptation required; activity=FAMILY_MISSION,central event of Chapter 72|chronological source boundary|devotional lesson,full source quotation|material from Chapter 71|material from Chapter 73,Opening of Krishna Book Chapter 72,Conclusion of Krishna Book Chapter 72
081,lord-krishna-returns-to-the-city-of-hastinapura,Lord Krishna Returns to the City of Hastinapura,krishna_book_bedtime,krishna_book,Krishna Book Chapter 73,Complete Krishna Book Chapter 73,"This source-bounded episode follows Lord Krishna Returns to the City of Hastinapura and presents its central turning point with child-safe clarity, chronological fidelity, and a devotional focus.",6-12,bedtime_story,,theme=Krishna's protection wisdom and loving relationships; sensitivity=standard; activity=DRAW_AND_REFLECT,central event of Chapter 73|chronological source boundary|devotional lesson,full source quotation|material from Chapter 72|material from Chapter 74,Opening of Krishna Book Chapter 73,Conclusion of Krishna Book Chapter 73
082,the-deliverance-of-sisupala,The Deliverance of Sisupala,krishna_book_bedtime,krishna_book,Krishna Book Chapter 74,Complete Krishna Book Chapter 74,"This source-bounded episode follows The Deliverance of Sisupala and presents its central turning point with child-safe clarity, chronological fidelity, and a devotional focus.",6-12,bedtime_story,,theme=Krishna's protection wisdom and loving relationships; sensitivity=standard; activity=STORY_SEQUENCE,central event of Chapter 74|chronological source boundary|devotional lesson,full source quotation|material from Chapter 73|material from Chapter 75,Opening of Krishna Book Chapter 74,Conclusion of Krishna Book Chapter 74
083,why-duryodhana-felt-insulted-at-the-end-of-the-rajasuya-sacrifice,Why Duryodhana Felt Insulted at the End of the Rajasuya Sacrifice,krishna_book_bedtime,krishna_book,Krishna Book Chapter 75,Complete Krishna Book Chapter 75,"This source-bounded episode follows Why Duryodhana Felt Insulted at the End of the Rajasuya Sacrifice and presents its central turning point with child-safe clarity, chronological fidelity, and a devotional focus.",6-12,bedtime_story,,theme=Krishna's protection wisdom and loving relationships; sensitivity=gentle child adaptation required; activity=MINI_DRAMA,central event of Chapter 75|chronological source boundary|devotional lesson,full source quotation|material from Chapter 74|material from Chapter 76,Opening of Krishna Book Chapter 75,Conclusion of Krishna Book Chapter 75
084,the-battle-between-salva-and-members-of-the-yadu-dynasty,The Battle Between Salva and Members of the Yadu Dynasty,krishna_book_bedtime,krishna_book,Krishna Book Chapter 76,Complete Krishna Book Chapter 76,"This source-bounded episode follows The Battle Between Salva and Members of the Yadu Dynasty and presents its central turning point with child-safe clarity, chronological fidelity, and a devotional focus.",6-12,bedtime_story,,theme=Krishna's protection wisdom and loving relationships; sensitivity=gentle child adaptation required; activity=MATCHING_GAME,central event of Chapter 76|chronological source boundary|devotional lesson,full source quotation|material from Chapter 75|material from Chapter 77,Opening of Krishna Book Chapter 76,Conclusion of Krishna Book Chapter 76
085,the-deliverance-of-salva,The Deliverance of Salva,krishna_book_bedtime,krishna_book,Krishna Book Chapter 77,Complete Krishna Book Chapter 77,"This source-bounded episode follows The Deliverance of Salva and presents its central turning point with child-safe clarity, chronological fidelity, and a devotional focus.",6-12,bedtime_story,,theme=Krishna's protection wisdom and loving relationships; sensitivity=standard; activity=STORY_MAP,central event of Chapter 77|chronological source boundary|devotional lesson,full source quotation|material from Chapter 76|material from Chapter 78,Opening of Krishna Book Chapter 77,Conclusion of Krishna Book Chapter 77
086,krishna-protects-everyone-from-dantavakra-viduratha-and-romaharsana,"Krishna Protects Everyone from Dantavakra, Viduratha and Romaharsana",krishna_book_bedtime,krishna_book,Krishna Book Chapter 78,Complete Krishna Book Chapter 78,"This source-bounded episode follows The Killing of Dantavakra, Viduratha and Romaharsana and presents its central turning point with child-safe clarity, chronological fidelity, and a devotional focus.",6-12,bedtime_story,,theme=Krishna's protection wisdom and loving relationships; sensitivity=gentle child adaptation required; activity=FAMILY_MISSION,central event of Chapter 78|chronological source boundary|devotional lesson,full source quotation|material from Chapter 77|material from Chapter 79,Opening of Krishna Book Chapter 78,Conclusion of Krishna Book Chapter 78
087,the-liberation-of-balvala-and-lord-balarama-s-touring-the-sacred-place,"The Liberation of Balvala, and Lord Balarama's Touring the Sacred Places",krishna_book_bedtime,krishna_book,Krishna Book Chapter 79,Complete Krishna Book Chapter 79,"This source-bounded episode follows The Liberation of Balvala, and Lord Balarama's Touring the Sacred Places and presents its central turning point with child-safe clarity, chronological fidelity, and a devotional focus.",6-12,bedtime_story,,theme=Krishna's protection wisdom and loving relationships; sensitivity=standard; activity=DRAW_AND_REFLECT,central event of Chapter 79|chronological source boundary|devotional lesson,full source quotation|material from Chapter 78|material from Chapter 80,Opening of Krishna Book Chapter 79,Conclusion of Krishna Book Chapter 79
088,the-meeting-of-lord-krishna-with-sudama-brahmana,The Meeting of Lord Krishna with Sudama Brahmana,krishna_book_bedtime,krishna_book,Krishna Book Chapter 80,Complete Krishna Book Chapter 80,"This source-bounded episode follows The Meeting of Lord Krishna with Sudama Brahmana and presents its central turning point with child-safe clarity, chronological fidelity, and a devotional focus.",6-12,bedtime_story,,theme=Krishna's protection wisdom and loving relationships; sensitivity=standard; activity=STORY_SEQUENCE,central event of Chapter 80|chronological source boundary|devotional lesson,full source quotation|material from Chapter 79|material from Chapter 81,Opening of Krishna Book Chapter 80,Conclusion of Krishna Book Chapter 80
089,the-brahmana-sudama-blessed-by-lord-krishna,The Brahmana Sudama Blessed by Lord Krishna,krishna_book_bedtime,krishna_book,Krishna Book Chapter 81,Complete Krishna Book Chapter 81,"This source-bounded episode follows The Brahmana Sudama Blessed by Lord Krishna and presents its central turning point with child-safe clarity, chronological fidelity, and a devotional focus.",6-12,bedtime_story,,theme=Krishna's protection wisdom and loving relationships; sensitivity=standard; activity=MINI_DRAMA,central event of Chapter 81|chronological source boundary|devotional lesson,full source quotation|material from Chapter 80|material from Chapter 82,Opening of Krishna Book Chapter 81,Conclusion of Krishna Book Chapter 81
090,lord-krishna-and-balarama-meet-the-inhabitants-of-vrindavana,Lord Krishna and Balarama Meet the Inhabitants of Vrindavana,krishna_book_bedtime,krishna_book,Krishna Book Chapter 82,Complete Krishna Book Chapter 82,"This source-bounded episode follows Lord Krishna and Balarama Meet the Inhabitants of Vrindavana and presents its central turning point with child-safe clarity, chronological fidelity, and a devotional focus.",6-12,bedtime_story,,theme=Krishna's protection wisdom and loving relationships; sensitivity=standard; activity=MATCHING_GAME,central event of Chapter 82|chronological source boundary|devotional lesson,full source quotation|material from Chapter 81|material from Chapter 83,Opening of Krishna Book Chapter 82,Conclusion of Krishna Book Chapter 82
091,draupadi-meets-the-queens-of-krishna,Draupadi Meets the Queens of Krishna,krishna_book_bedtime,krishna_book,Krishna Book Chapter 83,Complete Krishna Book Chapter 83,"This source-bounded episode follows Draupadi Meets the Queens of Krishna and presents its central turning point with child-safe clarity, chronological fidelity, and a devotional focus.",6-12,bedtime_story,,theme=Krishna's protection wisdom and loving relationships; sensitivity=standard; activity=STORY_MAP,central event of Chapter 83|chronological source boundary|devotional lesson,full source quotation|material from Chapter 82|material from Chapter 84,Opening of Krishna Book Chapter 83,Conclusion of Krishna Book Chapter 83
092,sacrificial-ceremonies-performed-by-vasudeva,Sacrificial Ceremonies Performed by Vasudeva,krishna_book_bedtime,krishna_book,Krishna Book Chapter 84,Complete Krishna Book Chapter 84,"This source-bounded episode follows Sacrificial Ceremonies Performed by Vasudeva and presents its central turning point with child-safe clarity, chronological fidelity, and a devotional focus.",6-12,bedtime_story,,theme=Krishna's protection wisdom and loving relationships; sensitivity=standard; activity=FAMILY_MISSION,central event of Chapter 84|chronological source boundary|devotional lesson,full source quotation|material from Chapter 83|material from Chapter 85,Opening of Krishna Book Chapter 84,Conclusion of Krishna Book Chapter 84
093,spiritual-instruction-for-vasudeva-and-the-return-of-the-six-sons-of-d,"Spiritual Instruction for Vasudeva, and the Return of the Six Sons of Devaki",krishna_book_bedtime,krishna_book,Krishna Book Chapter 85,Complete Krishna Book Chapter 85,"This source-bounded episode follows Spiritual Instruction for Vasudeva, and the Return of the Six Sons of Devaki and presents its central turning point with child-safe clarity, chronological fidelity, and a devotional focus.",6-12,bedtime_story,,theme=Krishna's protection wisdom and loving relationships; sensitivity=standard; activity=DRAW_AND_REFLECT,central event of Chapter 85|chronological source boundary|devotional lesson,full source quotation|material from Chapter 84|material from Chapter 86,Opening of Krishna Book Chapter 85,Conclusion of Krishna Book Chapter 85
094,the-kidnapping-of-subhadra-and-lord-krishna-s-visiting-srutadeva-and-b,"The Kidnapping of Subhadra, and Lord Krishna's Visiting Srutadeva and Bahulasva",krishna_book_bedtime,krishna_book,Krishna Book Chapter 86,Complete Krishna Book Chapter 86,"This source-bounded episode follows The Kidnapping of Subhadra, and Lord Krishna's Visiting Srutadeva and Bahulasva and presents its central turning point with child-safe clarity, chronological fidelity, and a devotional focus.",6-12,bedtime_story,,theme=Krishna's protection wisdom and loving relationships; sensitivity=gentle child adaptation required; activity=STORY_SEQUENCE,central event of Chapter 86|chronological source boundary|devotional lesson,full source quotation|material from Chapter 85|material from Chapter 87,Opening of Krishna Book Chapter 86,Conclusion of Krishna Book Chapter 86
095,prayers-by-the-personified-vedas,Prayers by the Personified Vedas,krishna_book_bedtime,krishna_book,Krishna Book Chapter 87,Complete Krishna Book Chapter 87,"This source-bounded episode follows Prayers by the Personified Vedas and presents its central turning point with child-safe clarity, chronological fidelity, and a devotional focus.",6-12,bedtime_story,,theme=Krishna's protection wisdom and loving relationships; sensitivity=standard; activity=MINI_DRAMA,central event of Chapter 87|chronological source boundary|devotional lesson,full source quotation|material from Chapter 86|material from Chapter 88,Opening of Krishna Book Chapter 87,Conclusion of Krishna Book Chapter 87
096,the-deliverance-of-lord-siva,The Deliverance of Lord Siva,krishna_book_bedtime,krishna_book,Krishna Book Chapter 88,Complete Krishna Book Chapter 88,"This source-bounded episode follows The Deliverance of Lord Siva and presents its central turning point with child-safe clarity, chronological fidelity, and a devotional focus.",6-12,bedtime_story,,theme=Krishna's protection wisdom and loving relationships; sensitivity=standard; activity=MATCHING_GAME,central event of Chapter 88|chronological source boundary|devotional lesson,full source quotation|material from Chapter 87|material from Chapter 89,Opening of Krishna Book Chapter 88,Conclusion of Krishna Book Chapter 88
097,the-superexcellent-power-of-krishna,The Superexcellent Power of Krishna,krishna_book_bedtime,krishna_book,Krishna Book Chapter 89,Complete Krishna Book Chapter 89,"This source-bounded episode follows The Superexcellent Power of Krishna and presents its central turning point with child-safe clarity, chronological fidelity, and a devotional focus.",6-12,bedtime_story,,theme=Krishna's protection wisdom and loving relationships; sensitivity=standard; activity=STORY_MAP,central event of Chapter 89|chronological source boundary|devotional lesson,full source quotation|material from Chapter 88|material from Chapter 90,Opening of Krishna Book Chapter 89,Conclusion of Krishna Book Chapter 89
098,summary-description-of-lord-krishna-s-pastimes,Summary Description of Lord Krishna's Pastimes,krishna_book_bedtime,krishna_book,Krishna Book Chapter 90,Complete Krishna Book Chapter 90,"This source-bounded episode follows Summary Description of Lord Krishna's Pastimes and presents its central turning point with child-safe clarity, chronological fidelity, and a devotional focus.",6-12,bedtime_story,,theme=Krishna's protection wisdom and loving relationships; sensitivity=standard; activity=FAMILY_MISSION,central event of Chapter 90|chronological source boundary|devotional lesson,full source quotation|material from Chapter 89|material from Chapter 91,Opening of Krishna Book Chapter 90,Conclusion of Krishna Book Chapter 90
